"Response","Null.Dev","Resid.Dev","Predictor","Estimate","SE","t.value","p.value","EtaSq"
"Chlorophyll",280.3731,114.0621,"Intercept",-3.65308147221446,0.1335,-27.3739,0,NA
"Chlorophyll",273,272,"Score_Full",0.15112271813701,0.0064,23.6245,0,0.3693
"Chlorophyll",280.3731,117.0497,"Intercept",-9.62877931298925,0.3842,-25.0613,0,NA
"Chlorophyll",273,272,"Score_TP",0.450154144615061,0.0191,23.5429,0,0.434
"Symbionts",124.8877,72.1787,"Intercept",-2.89977847854404,0.1439,-20.1456,0,NA
"Symbionts",234,233,"Score_Full",0.0964495389301108,0.0066,14.562,0,0.3406
"Symbionts",124.8877,63.1336,"Intercept",-6.63105630955871,0.3504,-18.9259,0,NA
"Symbionts",234,233,"Score_TP",0.287296167275544,0.0174,16.476,0,0.4295
