"Response","Null.Dev","Resid.Dev","Predictor","Estimate","SE","t.value","p.value","EtaSq"
"Chlorophyll",125.2581,54.8502,"Intercept",-5.47448160010907,0.3016,-18.151,0,NA
"Chlorophyll",137,136,"Score_Full",0.236596291202595,0.0148,15.952,0,0.3665
"Chlorophyll",125.2581,52.5716,"Intercept",-9.5405794006796,0.5364,-17.7879,0,NA
"Chlorophyll",137,136,"Score_TP",0.439630647114898,0.0267,16.4815,0,0.3951
"Symbionts",75.8542,53.9021,"Intercept",-3.37048257016056,0.3043,-11.0758,0,NA
"Symbionts",138,137,"Score_Full",0.118852243408139,0.015,7.9279,0,0.2309
"Symbionts",75.8542,37.7292,"Intercept",-6.67982809156555,0.4815,-13.8725,0,NA
"Symbionts",138,137,"Score_TP",0.281410725275969,0.024,11.7425,0,0.3956
